GHSI10_estimate,GHSI7_score,GHSI7_10_precise,GHSI7_10_lower,GHSI7_10_upper,GHSI3_score,GHSI3_10_precise,GHSI3_10_lower,GHSI3_10_upper,PGSI_score,PGSI_10_precise,PGSI_10_lower,PGSI_10_upper,GHSI_Category,ICECAP,ICECAP_disutility,SF6D,SF6D_disutility
0,0,0.09,0,1.94,0,0.57,0,2.42,0,0,0,1.85,No Harm,0.86,0,0.9,0
1,1,1.18,0.13,2.23,NA,NA,NA,NA,1,0.67,0,1.72,Low Harm,0.84,0.01,0.89,0.01
2,2,2.33,1.55,3.11,1,2.16,1.11,3.21,2,1.57,0.79,2.35,Low Harm,0.83,0.03,0.87,0.03
2,2,2.33,1.55,3.11,1,2.16,1.11,3.21,3,2.49,1.83,3.15,Low Harm,0.83,0.03,0.87,0.03
3,NA,NA,NA,NA,NA,NA,NA,NA,NA,NA,NA,NA,Moderate Harm,0.82,0.04,0.86,0.04
4,3,3.51,2.85,4.17,NA,NA,NA,NA,4,3.56,2.97,4.15,Moderate Harm,0.8,0.06,0.85,0.05
5,4,4.73,4.14,5.32,2,4.61,3.83,5.39,5,4.79,4.24,5.34,Moderate Harm,0.79,0.07,0.83,0.07
6,5,5.93,5.38,6.48,NA,NA,NA,NA,6,6.08,5.56,6.6,Moderate Harm,0.77,0.08,0.82,0.08
7,6,7.21,6.69,7.73,3,7.29,6.63,7.95,7,7.46,6.96,7.96,Moderate Harm,0.76,0.1,0.8,0.1
8,NA,NA,NA,NA,NA,NA,NA,NA,NA,NA,NA,NA,High Harm,0.75,0.11,0.79,0.11
9,7,8.55,8.05,9.05,NA,NA,NA,NA,8,8.95,8.47,9.43,High Harm,0.73,0.13,0.78,0.12
10,8,9.82,9.34,10.3,4,10.24,9.65,10.83,9,10.33,9.86,10.8,High Harm,0.72,0.14,0.76,0.14
11,9,11.15,10.68,11.62,NA,NA,NA,NA,NA,NA,NA,NA,High Harm,0.7,0.16,0.75,0.15
12,NA,NA,NA,NA,NA,NA,NA,NA,10,11.75,11.29,12.21,High Harm,0.69,0.17,0.74,0.16
13,10,12.58,12.12,13.04,5,13.4,12.85,13.95,11,13.15,12.7,13.6,High Harm,0.67,0.18,0.72,0.18
14,11,13.9,13.45,14.35,NA,NA,NA,NA,12,14.47,14.02,14.92,High Harm,0.66,0.2,0.71,0.19
15,12,15.32,14.87,15.77,NA,NA,NA,NA,NA,NA,NA,NA,Severe Harm,0.65,0.21,0.7,0.2
16,NA,NA,NA,NA,NA,NA,NA,NA,13,15.74,15.3,16.18,Severe Harm,0.63,0.23,0.68,0.22
17,13,16.79,16.35,17.23,6,16.79,16.27,17.31,14,16.95,16.51,17.39,Severe Harm,0.62,0.24,0.67,0.23
18,14,18.21,17.77,18.65,NA,NA,NA,NA,15,18.11,17.67,18.55,Severe Harm,0.6,0.25,0.65,0.24
19,NA,NA,NA,NA,NA,NA,NA,NA,16,19.24,18.8,19.68,Severe Harm,0.59,0.27,0.64,0.26
20,15,19.67,19.23,20.11,7,20.43,19.93,20.93,17,20.33,19.89,20.77,Severe Harm,0.58,0.28,0.63,0.27
21,16,21.18,20.74,21.62,NA,NA,NA,NA,18,21.36,20.92,21.8,Severe Harm,0.56,0.3,0.61,0.29
22,NA,NA,NA,NA,NA,NA,NA,NA,19,22.39,21.94,22.84,Severe Harm,0.55,0.31,0.6,0.3
23,17,22.74,22.3,23.18,NA,NA,NA,NA,20,23.4,22.95,23.85,Severe Harm,0.53,0.32,0.59,0.31
24,18,24.36,23.92,24.8,NA,NA,NA,NA,21,24.39,23.93,24.85,Severe Harm,0.52,0.34,0.57,0.33
25,NA,NA,NA,NA,8,24.61,24.13,25.09,22,25.35,24.88,25.82,Severe Harm,0.51,0.35,0.56,0.34
26,19,26.08,25.63,26.53,NA,NA,NA,NA,23,26.29,25.8,26.78,Severe Harm,0.49,0.37,0.55,0.35
27,NA,NA,NA,NA,NA,NA,NA,NA,24,27.2,26.69,27.71,Severe Harm,0.48,0.38,0.53,0.37
28,20,27.92,27.47,28.37,9,28.13,27.66,28.6,25,28.1,27.56,28.64,Severe Harm,0.46,0.39,0.52,0.38
29,21,29.36,28.9,29.82,NA,NA,NA,NA,26,29.05,28.46,29.64,Severe Harm,0.45,0.41,0.51,0.39
30,NA,NA,NA,NA,NA,NA,NA,NA,27,30,29.35,30,Severe Harm,0.44,0.42,0.49,0.41
