GHSI7_score,GHSI10_estimate,GHSI10_precise,GHSI10_lower,GHSI10_upper,GHSI_Category,ICECAP,ICECAP_disutility,SF6D,SF6D_disutility
0,0,0.09,0,1.94,No Harm,0.86,0,0.9,0
1,1,1.18,0.13,2.23,Low Harm,0.84,0.01,0.89,0.01
2,2,2.33,1.55,3.11,Low Harm,0.83,0.03,0.87,0.03
NA,3,NA,NA,NA,Moderate Harm,0.82,0.04,0.86,0.04
3,4,3.51,2.85,4.17,Moderate Harm,0.8,0.06,0.85,0.05
4,5,4.73,4.14,5.32,Moderate Harm,0.79,0.07,0.83,0.07
5,6,5.93,5.38,6.48,Moderate Harm,0.77,0.08,0.82,0.08
6,7,7.21,6.69,7.73,Moderate Harm,0.76,0.1,0.8,0.1
NA,8,NA,NA,NA,High Harm,0.75,0.11,0.79,0.11
7,9,8.55,8.05,9.05,High Harm,0.73,0.13,0.78,0.12
8,10,9.82,9.34,10.3,High Harm,0.72,0.14,0.76,0.14
9,11,11.15,10.68,11.62,High Harm,0.7,0.16,0.75,0.15
NA,12,NA,NA,NA,High Harm,0.69,0.17,0.74,0.16
10,13,12.58,12.12,13.04,High Harm,0.67,0.18,0.72,0.18
11,14,13.9,13.45,14.35,High Harm,0.66,0.2,0.71,0.19
12,15,15.32,14.87,15.77,Severe Harm,0.65,0.21,0.7,0.2
NA,16,NA,NA,NA,Severe Harm,0.63,0.23,0.68,0.22
13,17,16.79,16.35,17.23,Severe Harm,0.62,0.24,0.67,0.23
14,18,18.21,17.77,18.65,Severe Harm,0.6,0.25,0.65,0.24
NA,19,NA,NA,NA,Severe Harm,0.59,0.27,0.64,0.26
15,20,19.67,19.23,20.11,Severe Harm,0.58,0.28,0.63,0.27
16,21,21.18,20.74,21.62,Severe Harm,0.56,0.3,0.61,0.29
NA,22,NA,NA,NA,Severe Harm,0.55,0.31,0.6,0.3
17,23,22.74,22.3,23.18,Severe Harm,0.53,0.32,0.59,0.31
18,24,24.36,23.92,24.8,Severe Harm,0.52,0.34,0.57,0.33
NA,25,NA,NA,NA,Severe Harm,0.51,0.35,0.56,0.34
19,26,26.08,25.63,26.53,Severe Harm,0.49,0.37,0.55,0.35
NA,27,NA,NA,NA,Severe Harm,0.48,0.38,0.53,0.37
20,28,27.92,27.47,28.37,Severe Harm,0.46,0.39,0.52,0.38
21,29,29.36,28.9,29.82,Severe Harm,0.45,0.41,0.51,0.39
NA,30,NA,NA,NA,Severe Harm,0.44,0.42,0.49,0.41
